delay,heading,ramp_inclinaison,motor_name,radius,mass,inertia,center_of_mass_without_motor,cone_length,rocket_length,fin_cat,number_of_ailerons,root_chord,tip_chord,span,fins_pos,fin_inclinaison,drag_coeff,trigger,rocket_id,trajectory_file
0,106.28730977610627,82.39118735457352,Pro75M1670,0.08700044864667537,10.801390565358064,"(15.602306318381132, 15.602306318381132, 0.03623529582685474)",1.5011628528292558,0.10532815661940434,2.5603708712154187,trapezoidal,8,0.38627496417035045,0.07063667040988972,0.4249482222254142,0.1959127979562437,0.3407061589698952,1.2393135626069158,apogee,rocket_0000,dataset\trajectories\rocket_0000_trajectory.csv
1,56.698474612309994,82.04133586422658,Pro75M1670,0.06461590506817824,13.07259131093015,"(14.583029175607809, 14.583029175607809, 0.032005073053484906)",0.85744561127,0.4130278222883007,2.045703281967395,elyptique,7,0.3849811827975469,0.2732163100716074,0.49579444621804525,0.11025448086213355,0.07150996258516651,1.1400269252392454,apogee,rocket_0001,dataset\trajectories\rocket_0001_trajectory.csv
8,146.60544914265844,83.01248100437546,Pro54-5G Barasinga,0.08236784709222858,19.298283345153422,"(28.319404171784086, 28.319404171784086, 0.09285864876019106)",1.2307515958536381,0.2968267150101124,2.5305291875106577,trapezoidal,3,0.31069337940122554,0.21543306256662162,0.1703373214732516,0.12005392620377875,0.9916184004046396,1.2931598828790567,apogee,rocket_0002,dataset\trajectories\rocket_0002_trajectory.csv
1,90.66821686920022,87.64914420603436,Pro54-5G Barasinga,0.20896232721815905,15.529726458295913,"(16.063151079881884, 16.063151079881884, 0.06425444838789213)",1.1921093356330772,0.4440567285495657,1.7766915235696796,elyptique,8,0.49092706919974316,0.3180266585543923,0.2577315468789258,0.040968726625429545,0.23792658341669604,0.8000593373006701,apogee,rocket_0003,dataset\trajectories\rocket_0003_trajectory.csv
5,181.01515703864982,88.24918148662596,Pro54-5G Barasinga,0.06262063951339351,11.948873014109042,"(11.305193332540181, 11.305193332540181, 0.015636291973710036)",0.8353616255564962,0.2168313943085204,2.175641215142088,trapezoidal,8,0.34457197024170894,0.2732872271630525,0.2746547895060279,0.03907296114883716,0.28183739229901583,1.2489455706649124,apogee,rocket_0004,dataset\trajectories\rocket_0004_trajectory.csv
